Entidad_Federativa,Sexo
Veracruz,Hombres
Veracruz,Mujeres
Veracruz,Hombres
Veracruz,Mujeres
Veracruz,Hombres
Veracruz,Mujeres
Veracruz,Hombres
Veracruz,Mujeres
Veracruz,Hombres
Veracruz,Mujeres
Veracruz,Hombres
Veracruz,Mujeres
Veracruz,Hombres
Veracruz,Mujeres
Veracruz,Hombres
Veracruz,Mujeres
Veracruz,Hombres
Veracruz,Mujeres
Veracruz,Hombres
Veracruz,Mujeres
Veracruz,Hombres
Veracruz,Mujeres
Veracruz,Hombres
Veracruz,Mujeres
Veracruz,Hombres
Veracruz,Mujeres
Veracruz,Hombres
Veracruz,Mujeres
Veracruz,Hombres
Veracruz,Mujeres
Veracruz,Hombres
Veracruz,Mujeres
Veracruz,Hombres
Veracruz,Mujeres
Veracruz,Hombres
Veracruz,Mujeres
Veracruz,Hombres
Veracruz,Mujeres
Veracruz,Hombres
Veracruz,Mujeres
Veracruz,Hombres
Veracruz,Mujeres
Veracruz,Hombres
Veracruz,Mujeres
Veracruz,Hombres
Veracruz,Mujeres
Veracruz,Hombres
Veracruz,Mujeres
Veracruz,Hombres
Veracruz,Mujeres
Veracruz,Hombres
Veracruz,Mujeres
Veracruz,Hombres
Veracruz,Mujeres
Veracruz,Hombres
Veracruz,Mujeres
Veracruz,Hombres
Veracruz,Mujeres
Veracruz,Hombres
Veracruz,Mujeres
Veracruz,Hombres
Veracruz,Mujeres
Veracruz,Hombres
Veracruz,Mujeres
Veracruz,Hombres
Veracruz,Mujeres
Veracruz,Hombres
Veracruz,Mujeres
Veracruz,Hombres
Veracruz,Mujeres
Veracruz,Hombres
Veracruz,Mujeres
Veracruz,Hombres
Veracruz,Mujeres
Veracruz,Hombres
Veracruz,Mujeres
Veracruz,Hombres
Veracruz,Mujeres
Veracruz,Hombres
Veracruz,Mujeres
Veracruz,Hombres
Veracruz,Mujeres
Veracruz,Hombres
Veracruz,Mujeres
Veracruz,Hombres
Veracruz,Mujeres
Veracruz,Hombres
Veracruz,Mujeres
Veracruz,Hombres
Veracruz,Mujeres
Veracruz,Hombres
Veracruz,Mujeres
Veracruz,Hombres
Veracruz,Mujeres
Veracruz,Hombres
Veracruz,Mujeres
Veracruz,Hombres
Veracruz,Mujeres
Veracruz,Hombres
Veracruz,Mujeres
Veracruz,Hombres
Veracruz,Mujeres
Veracruz,Hombres
Veracruz,Mujeres
Veracruz,Hombres
Veracruz,Mujeres
Veracruz,Hombres
Veracruz,Mujeres
Veracruz,Hombres
Veracruz,Mujeres
Veracruz,Hombres
Veracruz,Mujeres
Veracruz,Hombres
Veracruz,Mujeres
Veracruz,Hombres
Veracruz,Mujeres
Veracruz,Hombres
Veracruz,Mujeres
Veracruz,Hombres
Veracruz,Mujeres
Veracruz,Hombres
Veracruz,Mujeres
Veracruz,Hombres
Veracruz,Mujeres
Veracruz,Hombres
Veracruz,Mujeres
Veracruz,Hombres
Veracruz,Mujeres
Veracruz,Hombres
Veracruz,Mujeres
Veracruz,Hombres
Veracruz,Mujeres
Veracruz,Hombres
Veracruz,Mujeres
Veracruz,Hombres
Veracruz,Mujeres
Veracruz,Hombres
Veracruz,Mujeres
Aguascalientes,Hombres
Aguascalientes,Mujeres
Aguascalientes,Hombres
Aguascalientes,Mujeres
Aguascalientes,Hombres
Aguascalientes,Mujeres
Aguascalientes,Hombres
Aguascalientes,Mujeres
Aguascalientes,Hombres
Aguascalientes,Mujeres
Aguascalientes,Hombres
Aguascalientes,Mujeres
Aguascalientes,Hombres
Aguascalientes,Mujeres
Aguascalientes,Hombres
Aguascalientes,Mujeres
Aguascalientes,Hombres
Aguascalientes,Mujeres
Aguascalientes,Hombres
Aguascalientes,Mujeres
Aguascalientes,Hombres
Aguascalientes,Mujeres
Aguascalientes,Hombres
Aguascalientes,Mujeres
Aguascalientes,Hombres
Aguascalientes,Mujeres
Aguascalientes,Hombres
Aguascalientes,Mujeres
Aguascalientes,Hombres
Aguascalientes,Mujeres
Aguascalientes,Hombres
Aguascalientes,Mujeres
Aguascalientes,Hombres
Aguascalientes,Mujeres
Aguascalientes,Hombres
Aguascalientes,Mujeres
Aguascalientes,Hombres
Aguascalientes,Mujeres
Aguascalientes,Hombres
Aguascalientes,Mujeres
Aguascalientes,Hombres
Aguascalientes,Mujeres
Aguascalientes,Hombres
Aguascalientes,Mujeres
Aguascalientes,Hombres
Aguascalientes,Mujeres
Aguascalientes,Hombres
Aguascalientes,Mujeres
Aguascalientes,Hombres
Aguascalientes,Mujeres
Aguascalientes,Hombres
Aguascalientes,Mujeres
Aguascalientes,Hombres
Aguascalientes,Mujeres
Aguascalientes,Hombres
Aguascalientes,Mujeres
Aguascalientes,Hombres
Aguascalientes,Mujeres
Aguascalientes,Hombres
Aguascalientes,Mujeres
Aguascalientes,Hombres
Aguascalientes,Mujeres
Aguascalientes,Hombres
Aguascalientes,Mujeres
Aguascalientes,Hombres
Aguascalientes,Mujeres
Aguascalientes,Hombres
Aguascalientes,Mujeres
Aguascalientes,Hombres
Aguascalientes,Mujeres
Aguascalientes,Hombres
Aguascalientes,Mujeres
Aguascalientes,Hombres
Aguascalientes,Mujeres
Aguascalientes,Hombres
Aguascalientes,Mujeres
Aguascalientes,Hombres
Aguascalientes,Mujeres
Aguascalientes,Hombres
Aguascalientes,Mujeres
Aguascalientes,Hombres
Aguascalientes,Mujeres
Aguascalientes,Hombres
Aguascalientes,Mujeres
Aguascalientes,Hombres
Aguascalientes,Mujeres
Aguascalientes,Hombres
Aguascalientes,Mujeres
Aguascalientes,Hombres
Aguascalientes,Mujeres
Aguascalientes,Hombres
Aguascalientes,Mujeres
Aguascalientes,Hombres
Aguascalientes,Mujeres
Aguascalientes,Hombres
Aguascalientes,Mujeres
Aguascalientes,Hombres
Aguascalientes,Mujeres
Aguascalientes,Hombres
Aguascalientes,Mujeres
Aguascalientes,Hombres
Aguascalientes,Mujeres
Aguascalientes,Hombres
Aguascalientes,Mujeres
Aguascalientes,Hombres
Aguascalientes,Mujeres
Aguascalientes,Hombres
Aguascalientes,Mujeres
Aguascalientes,Hombres
Aguascalientes,Mujeres
Aguascalientes,Hombres
Aguascalientes,Mujeres
Aguascalientes,Hombres
Aguascalientes,Mujeres
Aguascalientes,Hombres
Aguascalientes,Mujeres
Aguascalientes,Hombres
Aguascalientes,Mujeres
Aguascalientes,Hombres
Aguascalientes,Mujeres
Aguascalientes,Hombres
Aguascalientes,Mujeres
Aguascalientes,Hombres
Aguascalientes,Mujeres
Aguascalientes,Hombres
Aguascalientes,Mujeres
Aguascalientes,Hombres
Aguascalientes,Mujeres
Aguascalientes,Hombres
Aguascalientes,Mujeres
Aguascalientes,Hombres
Aguascalientes,Mujeres
Aguascalientes,Hombres
Aguascalientes,Mujeres
Aguascalientes,Hombres
Aguascalientes,Mujeres
Aguascalientes,Hombres
Aguascalientes,Mujeres
